"","Estimate","Std.err.","t-ratio(0)","Rob.std.err.","Rob.t-ratio(0)"
"b_spatial",0.0148975040646468,0.00175025333498769,8.51162729808573,0.00175921933832181,8.46824710263708
"b_temporal",0.0718852888824046,0.00479356211054399,14.9962151787467,0.00488053145597856,14.7289879249413
"b_drtpattern",0.147377342826338,0.0277594640914209,5.30908458250405,0.029464368162226,5.00188369948753
"b_waiting",-0.00593653523792761,0.000458176176986819,-12.9568832604284,0.000489254170602766,-12.1338469749041
"b_discount",0.00309812630161915,0.000529710914085685,5.8487114749499,0.000531276094236553,5.83148072203619
"b_compensation",0.0397795947422054,0.0198971190494884,1.99926404638104,0.0196846068082085,2.02084781930301
"b_price",-0.0102038891637472,0.00041334814431378,-24.685944050111,0.000462377743038282,-22.0682965765123
