"","Estimate","Std.err.","t-ratio(0)","Rob.std.err.","Rob.t-ratio(0)"
"b_spatial",0.0188349921283009,0.00488994336410518,3.85178124281764,0.00502529812267508,3.74803477694466
"b_temporal",0.08722679086232,0.0133952852879326,6.51175312711705,0.0126112215521072,6.91660125880076
"b_drtpattern",0.303306161041764,0.0775623875434387,3.91047994586161,0.0898649298135331,3.37513378879964
"b_waiting",-0.00826060811436605,0.00127796828989959,-6.46386000314227,0.00131207060561957,-6.29585639597902
"b_discount",0.00405428717729889,0.00150214882256924,2.69899168203889,0.00135344972141803,2.99552108448561
"b_compensation",0.0461937593029432,0.0538198752897605,0.858302979229157,0.0484633320561663,0.953169279599
"b_price",-0.0109464866853677,0.00113586018465313,-9.63717791438441,0.00121807141064416,-8.98673640125814
