"","Estimate","Std.err.","t-ratio(0)","Rob.std.err.","Rob.t-ratio(0)"
"b_spatial",0.0136973380467487,0.0053145834818969,2.57731167332417,0.0055309385599697,2.47649434146376
"b_temporal",0.0783394566476342,0.0148137365944001,5.28829820541349,0.0148900857752942,5.26118236186496
"b_drtpattern",0.191497935060636,0.0835056367527127,2.29323363676303,0.0862840048521122,2.21939089856639
"b_waiting",-0.00581073261779716,0.00138988032628343,-4.18074312436321,0.00147043758917035,-3.95170299004371
"b_discount",-9.70048199551671e-05,0.00157861485488891,-0.0614493267022967,0.00161064539552539,-0.0602272978426294
"b_compensation",0.092018145948963,0.060195096061558,1.52866515662441,0.0559120377187955,1.64576627329807
"b_price",-0.00758300776594807,0.00123398215911548,-6.14515186458093,0.00141293499093076,-5.36684830839443
