"","Estimate","Std.err.","t-ratio(0)","Rob.std.err.","Rob.t-ratio(0)"
"b_spatial",0.0131948715073881,0.00537412443935435,2.45525976487685,0.00543033359038443,2.42984547593032
"b_temporal",0.0525076779836156,0.0147904629824071,3.55010374226095,0.0152142642316393,3.45121375468304
"b_drtpattern",0.144759186990978,0.0851650958453479,1.69974783159814,0.0862059894887983,1.67922423777512
"b_waiting",-0.00611451621982963,0.00140946712896087,-4.33817582133864,0.00159259532619223,-3.83934080382427
"b_discount",0.00161391384320445,0.00159155106336788,1.01405093455767,0.00174603153063995,0.924332587861639
"b_compensation",0.0424101291438232,0.0601309019725116,0.705296740155513,0.0582480758592513,0.728094937355555
"b_price",-0.00745297895682345,0.00125557588132456,-5.9359048446845,0.00141107417323487,-5.28177688897642
